lambda,measure,auc_mean,auc_std,gap_mean,gap_std,dep_mean,dep_std,n_seeds,auc_test_mean,auc_test_std,gap_test_mean,gap_test_std,dtpr_test_mean,dfpr_test_mean
0.0,corr2,0.738889715546016,0.0012512314579103097,5.60594113667806,0.4103341906270856,0.021105792994300526,0.00181711017369032,3,0.7404365804748748,0.0003428314013319451,5.615492820739746,0.43437275995156743,8.282323877607256,11.076079225138182
0.5,corr2,0.7384961562470124,0.0006192361968002921,3.6056469281514487,0.12624588521171862,0.009198981647690138,0.0008373621409827725,3,0.740897056265711,0.0010086995567456978,3.6045302549997964,0.1473301281239251,5.235381386009001,7.49186209161969
1.0,corr2,0.7367491759984772,0.0004152320490999894,2.814287026723226,0.23527582170591657,0.0056566703133285046,0.000993402082998254,3,0.739353922656051,0.0009468070924130136,2.8282055854797363,0.26718816176787547,4.429475825443874,6.153313258088353
2.0,corr2,0.735264198140138,0.0006404031952434577,2.180554429690043,0.1773596202159543,0.0034455116062114635,0.0005615541308835579,3,0.7372658362091077,0.0012664044882937555,2.1850387255350747,0.21703286767537053,3.6058372688269986,4.629436151629846
5.0,corr2,0.7317774075637321,0.0018505153074320924,1.5394200881322224,0.259465150217138,0.0018020819795007508,0.0006134097349687027,3,0.7344830469582778,0.00012320364617206784,1.5682170788447063,0.28313604288274197,1.8170114404424027,3.349368620782222
10.0,corr2,0.72862976383968,0.0019486615645801517,1.295385758082072,0.21459000908822948,0.0013119601838601132,0.0005521977937726784,3,0.7309151071100723,1.868003168517847e-05,1.281966765721639,0.24112717964719393,1.0617828419273907,2.3978881701724464
