lambda,auc_mean,auc_std,gap_mean,gap_std,n_seeds,auc_test_mean,auc_test_std,gap_test_mean,gap_test_std
0.0,0.7395519268009721,0.0007552600842376271,5.7363349596659345,0.2718033324544557,3,0.740694391780422,0.0005634177278406546,5.727136135101318,0.28162629756112867
0.5,0.7384556677799602,0.0005543242842832716,3.7588159243265786,0.03707993289009238,3,0.7407204669626165,0.0007391953471245766,3.7724643548329673,0.02530583780358933
1.0,0.736893150707464,0.0008439846640859574,2.789246082305908,0.24489014896700642,3,0.7392876048287763,0.0009344503618934042,2.8138111432393393,0.2557669978621563
2.0,0.7350276350886515,0.0003781416989672407,2.268134514490763,0.22423733337271223,3,0.737383333375974,0.00044141177960821474,2.251837650934855,0.2653944263373706
5.0,0.7320905451145974,0.0012039264967442305,1.453542709350586,0.25730024619581443,3,0.7344128218116556,0.00042636455900008996,1.460052529970805,0.2844245253042529
