lambda,auc,gap_pp
5.0,0.7333986751329191,1.4644145965576172
2.0,0.7360840262687486,2.496391534805298
1.0,0.7381791904461471,3.003370761871338
0.5,0.7388503817813348,3.9276986122131348
