lambda,measure,auc_mean,auc_std,gap_mean,gap_std,dep_mean,dep_std,n_seeds,auc_test_mean,auc_test_std,gap_test_mean,gap_test_std,dtpr_test_mean,dfpr_test_mean
0.0,hsic,0.738889715546016,0.0012512314579103,5.60594113667806,0.4103341906270856,,,3,0.7404365804748748,0.0003428314013319,5.615492820739746,0.4343727599515674,8.282323877607256,11.076079225138182
5.0,hsic,0.738050935099512,0.001250660064813,4.056535085042317,0.1104338342746364,,,3,0.7409933597609131,0.0003308974696878,4.070094267527263,0.110059075037016,5.522537702073649,7.541427824566011
10.0,hsic,0.7372582424766221,0.0006511515713341,3.4518659114837646,0.1134835673918519,,,3,0.7396464111569432,0.0002467233909034,3.4201740423838296,0.1619884109939169,4.524041952722058,5.937532630370039
20.0,hsic,0.735150009263795,0.001508177623557,2.728397687276205,0.0292550696356544,,,3,0.7375771552028366,0.0004030251211526,2.682654062906901,0.0452820530762567,2.710123934924239,4.476094562585949
50.0,hsic,0.7298531150610629,0.0018762636619051,1.9722342491149905,0.1051166738540268,,,3,0.733080659171149,0.0017607176841927,1.9368369976679485,0.103157917091276,1.2108188220778526,3.5923749294950285
