lambda,measure,auc_mean,auc_std,gap_mean,gap_std,dep_mean,dep_std,n_seeds,auc_test_mean,auc_test_std,gap_test_mean,gap_test_std,dtpr_test_mean,dfpr_test_mean
0.0,mmd,0.738889715546016,0.0012512314579103,5.60594113667806,0.4103341906270856,,,3,0.7404365804748748,0.0003428314013319,5.615492820739746,0.4343727599515674,8.282323877607256,11.076079225138182
1.0,mmd,0.7363615432568903,0.0011646618196637,3.1402816772460938,0.0713902641172253,,,3,0.7388243489517268,0.0004299480700799,3.1181315581003823,0.1101193034590259,4.120685254196096,5.648015891111764
2.0,mmd,0.7345524011788823,0.0013363186938355,2.5433758894602456,0.170109061072137,,,3,0.7377999251787397,0.0004411901737277,2.5439520676930747,0.1733713076343429,2.992521897048332,4.055066512677826
5.0,mmd,0.730750327247296,0.0026258153634863,1.755283276240031,0.1884548292874455,,,3,0.7333370339932731,0.0007938223951772,1.757157842318217,0.1951114158979784,1.30754246387567,2.9370704952221813
10.0,mmd,0.723184014357793,0.0036136834249808,0.9271085262298584,0.3088568273666338,,,3,0.7264417330786411,0.0019765275809356,0.896147886912028,0.2938146104147094,0.7367074693054162,1.91008228840397
20.0,mmd,0.7156362695890509,0.0017361520147885,0.2282689015070597,0.0843677531129131,,,3,0.7176659582069744,0.0010057012902897,0.1806517442067464,0.0830535688213825,-1.4975515165701558,0.4494749503475799
